panel-id,LC,short-id
T19BU001NB0M,LCT-15-1098,1-22
T19BU001NB0S,LCT-15-1098,1-23
T19BU001NB05,LCT-15-1098,1-25
T19BU001NB0B,LCT-15-1098,1-26
T19BU001NB0H,LCT-15-1098,1-27
T19BU001NB0N,LCT-15-1098,1-28
T19BU001NB0T,LCT-15-1098,1-29
T19BU001NB0Z,LCT-15-1098,1-30
T19BU001NB06,LCT-15-1098,1-31
T19BU001NB0C,LCT-15-1098,1-32
T19BU001NA0Q,SLC19V33L00,2-11
T19BU001NA0W,SLC19V33L00,2-12
T19BU001NA03,SLC19V33L00,2-13
T19BU001NA09,SLC19V33L00,2-14
T19BU001NA0F,SLC19V33L00,2-15
T19BU001NA0L,SLC19V33L00,2-16
T19BU001NA0R,SLC19V33L00,2-17
T19BU001NA0X,SLC19V33L00,2-18
T19BU001NA0M,SLC19V33L00,2-22
T19BU001NA0S,SLC19V33L00,2-23
T19BR001NL2Q,SLC20V87L00,4-11
T19BR001NL2W,SLC20V87L00,4-12
T19BR001NL23,SLC20V87L00,4-13
T19BR001NL29,SLC20V87L00,4-14
T19BR001NL2F,SLC20V87L00,4-15
T19BR001NL2L,SLC20V87L00,4-16
T19BR001NL2X,SLC20V87L00,4-18
T19BR001NL24,SLC20V87L00,4-19
T19BR001NL2A,SLC20V87L00,4-20
T19BR001NP23,AV369-031-TA,5-13
T19BR001NP29,AV369-031-TA,5-14
T19BR001NP2F,AV369-031-TA,5-15
T19BR001NP2L,AV369-031-TA,5-16
T19BR001NP2R,AV369-031-TA,5-17
T19BR001NP2X,AV369-031-TA,5-18
T19BR001NP24,AV369-031-TA,5-19
T19BR001NP2A,AV369-031-TA,5-20
T19BR001NP2G,AV369-031-TA,5-21
T19BR001NP2S,AV369-031-TA,5-23
T19BR001NN29,ZIX-7054XX,6-14
T19BR001NN2F,ZIX-7054XX,6-15
T19BR001NN2L,ZIX-7054XX,6-16
T19BR001NN2R,ZIX-7054XX,6-17
T19BR001NN2X,ZIX-7054XX,6-18
T19BR001NN24,ZIX-7054XX,6-19
T19BR001NN2A,ZIX-7054XX,6-20
T19BR001NN2G,ZIX-7054XX,6-21
T19BR001NN2M,ZIX-7054XX,6-22
T19BR001NN2S,ZIX-7054XX,6-23
T19BR001NN27,ZIX-7054XX,6-2
T19BR001NN2D,ZIX-7054XX,6-3
T19BR001NN2P,ZIX-7054XX,6-5
T19BR001NN2V,ZIX-7054XX,6-6
T19BR001NN22,ZIX-7054XX,6-7
T19BR001NN28,ZIX-7054XX,6-8
T19BR001NN2E,ZIX-7054XX,6-9
T19BR001NN2Q,ZIX-7054XX,6-11
T19BR001NN2W,ZIX-7054XX,6-12
T19BR001NN23,ZIX-7054XX,6-13
T19BR001NP21,AV369-031-TA,5-1
T19BR001NP27,AV369-031-TA,5-2
T19BR001NP2D,AV369-031-TA,5-3
T19BR001NP2P,AV369-031-TA,5-5
T19BR001NP2V,AV369-031-TA,5-6
T19BR001NP22,AV369-031-TA,5-7
T19BR001NP28,AV369-031-TA,5-8
T19BR001NP2E,AV369-031-TA,5-9
T19BR001NP2Q,AV369-031-TA,5-11
T19BR001NP2W,AV369-031-TA,5-12
T19BR001NL21,SLC20V87L00,4-1
T19BR001NL27,SLC20V87L00,4-2
T19BR001NL2D,SLC20V87L00,4-3
T19BR001NL2J,SLC20V87L00,4-4
T19BR001NL2P,SLC20V87L00,4-5
T19BR001NL2V,SLC20V87L00,4-6
T19BR001NL22,SLC20V87L00,4-7
T19BR001NL28,SLC20V87L00,4-8
T19BR001NL2E,SLC20V87L00,4-9
T19BR001NL2K,SLC20V87L00,4-10
T19BU001ND01,BY20-Q18F,3-1
T19BU001ND07,BY20-Q18F,3-2
T19BU001ND0D,BY20-Q18F,3-3
T19BU001ND0J,BY20-Q18F,3-4
T19BU001ND0P,BY20-Q18F,3-5
T19BU001ND0V,BY20-Q18F,3-6
T19BU001ND02,BY20-Q18F,3-7
T19BU001ND08,BY20-Q18F,3-8
T19BU001ND0E,BY20-Q18F,3-9
T19BU001ND0K,BY20-Q18F,3-10
T19BU001NA01,SLC19V33L00,2-1
T19BU001NA07,SLC19V33L00,2-2
T19BU001NA0D,SLC19V33L00,2-3
T19BU001NA0J,SLC19V33L00,2-4
T19BU001NA0P,SLC19V33L00,2-5
T19BU001NA0V,SLC19V33L00,2-6
T19BU001NA02,SLC19V33L00,2-7
T19BU001NA08,SLC19V33L00,2-8
T19BU001NA0E,SLC19V33L00,2-9
T19BU001NA0K,SLC19V33L00,2-10
T19BU001NB01,LCT-15-1098,1-1
T19BU001NB07,LCT-15-1098,1-2
T19BU001NB0D,LCT-15-1098,1-3
T19BU001NB0J,LCT-15-1098,1-4
T19BU001NB0P,LCT-15-1098,1-5
T19BU001NB0V,LCT-15-1098,1-6
T19BU001NB02,LCT-15-1098,1-7
T19BU001NB08,LCT-15-1098,1-8
T19BU001NB0E,LCT-15-1098,1-9
T19BU001NB0K,LCT-15-1098,1-10
