[Panel Mapper]
Version="Version 3.3.0"
Date="2/4/2021 9:08:20 AM"
[Measurement Information]
Scan Start Time=3695244548.4
Scan Completion Time=3695244914.0
Recipe No=209
Manual Measurement=TRUE
GlassID=[Empty]
Operator ID=05842
Scan Start Time String="2/4/2021 8:49:08 AM"
Scan Completion Time String="2/4/2021 8:55:14 AM"
[LCD Measurement Settings]
Number to Average at Each Point=16
List of WLs=589.0
Tilt rotation angles.<size(s)>=10
Tilt rotation angles 0=0.0,-40.0
Tilt rotation angles 1=0.0,-20.0
Tilt rotation angles 2=0.0,0.0
Tilt rotation angles 3=0.0,20.0
Tilt rotation angles 4=0.0,40.0
Tilt rotation angles 5=90.0,40.0
Tilt rotation angles 6=90.0,20.0
Tilt rotation angles 7=90.0,0.0
Tilt rotation angles 8=90.0,-20.0
Tilt rotation angles 9=90.0,-40.0
[LCD Data]
Chip No.,x (mm),y (mm),cell gap (um),top R/D (?,twist (?,top pre-tilt (?,bottom pre-tilt (?,Rms (%),Iterations
1.000000,67.000000,111.000000,2.959817,-89.909391,-0.178610,1.808848,2.172442,0.365922,103.000000
1.000000,67.000000,122.000000,2.946596,-89.888829,-0.216049,1.681843,2.166999,0.380311,92.000000
1.000000,67.000000,133.000000,2.964773,-89.888370,-0.200820,1.751098,2.107861,0.366745,100.000000
1.000000,76.000000,111.000000,2.940641,-89.858675,-0.263651,1.715542,2.119050,0.371685,98.000000
1.000000,76.000000,122.000000,2.920479,-89.835226,-0.336620,1.642237,2.120913,0.369289,82.000000
1.000000,76.000000,133.000000,2.907912,-89.833986,-0.295493,1.549560,2.056929,0.350187,93.000000
1.000000,67.000000,157.000000,2.923625,-90.046670,0.089287,2.188793,1.934137,0.423653,86.000000
1.000000,67.000000,168.000000,2.908789,-90.030131,0.003981,2.158033,1.813590,0.399955,85.000000
1.000000,67.000000,179.000000,2.873244,-89.966668,-0.119475,2.204442,1.865900,0.414203,84.000000
1.000000,76.000000,157.000000,2.927633,-90.066535,0.068389,2.194026,1.936239,0.411164,85.000000
1.000000,76.000000,168.000000,2.917038,-90.051490,0.025663,2.159638,1.826019,0.387115,90.000000
1.000000,76.000000,179.000000,2.912662,-90.039192,-0.011255,2.275723,1.839590,0.400173,88.000000
[LCD Data End]
[LCD Stats]
Parameters,cell gap (um),top R/D (?,twist (?,top pre-tilt (?,bottom pre-tilt (?
Average,3.005474,-89.917800,-0.182386,2.168141,2.082004
Standard Deviation,0.118743,0.091226,0.158783,0.392958,0.168939
Maximum Value,3.191228,-89.808023,0.089287,2.639117,2.293581
Minimum Value,2.873244,-90.066535,-0.392593,1.549560,1.813590
Range (Max-Min),0.317984,0.258512,0.481880,1.089557,0.479991
[LCD Stats End]
[General]
Panel Mapper=""
LCDView=""
Sample Information=""
[Fitting Parameters]
Max Iterations=400
Target Tolerance=0.0001000000
[Simulation Parameters]
Layer Count Type=0
Number of Layers=50
[Refractive Index]
NoA=1.4807000000
NoB=0.0000000000
NoC=0.0000000000
NeA=1.5769000000
NeB=0.0000000000
NeC=0.0000000000
[Initial LCD Parameters]
Corrected Rubbing Direction=-89.843515
Cell Gap=3.1366597840
Rubbing Direction=-89.8435148777
Twist Angle=-0.3250976576
Front Pre-Tilt=2.6333309614
Back Pre-Tilt=2.1461836088
CellGapInclude=TRUE
RubDirInclude=TRUE
TwistInclude=TRUE
FrontTiltInclude=TRUE
RearTiltInclude=TRUE
Pretilt coupling=0
[Vision]
Angle=0.000000
OffsetX=0.000000
OffsetY=0.000000
Panel Size=0.000000
Coordinates=0
[Cplate cluster]
first Cplate Rth=0.00000000
Second Cplate Rth=0.00000000
Navg=1.50000000
Dn=0.01000000
Side=Color Filter Facing Up
[Elastic Continuum Thry]
Use ECT=FALSE
K11=0.00000000
K22=0.00000000
K33=0.00000000
Use File=FALSE
Director File=""
[Data Point Rejection]
Remove zero vals=FALSE
Threshold=0.00000000
[CG correction]
Aux A=1.00000000
Aux B=0.00000000
[MVA Options]
Use MVA Fitting=FALSE
Percentage PT=0.00000000
zones=<size(s)=0>
Use Fresnel=FALSE
correction A=0.00000000
correction B=0.00000000
correction C=0.00000000
[Cell Gap Limits]
Max Value=0.00000000
Min Value=0.00000000
Check CG=FALSE
[RD Limits]
Max Value=0.00000000
Min Value=0.00000000
Check RD=FALSE
[Twist Limits]
Max Value=0.00000000
Min Value=0.00000000
Check Twist=FALSE
[FPT Limits]
Max Value=0.00000000
Min Value=0.00000000
Check FPT=FALSE
[BPT Limits]
Max Value=0.00000000
Min Value=0.00000000
Check BPT=FALSE
